,title,keyword
0,'코로나 백신' 소식에 항공업계 백신 수송준비 돌입,대한항공
1,"대한항공, 화이자 백신 최대 수혜…목표가 유지-한화투자",대한항공
2,"""목표주가도 뚫었다""…대한항공 지금 사면? [박해린의 뉴스&마켓]",대한항공
3,"항공주 모두 올라, 대한항공 진에어 제주항공 11%대 급등",대한항공
4,"'화이자 효과' 콘택트株의 귀환…""항공·카지노·여행주 내년 본격 상승""",대한항공
5,"항공株, 백신 타고 모처럼 날았다… 언택트株와 ‘희비’",대한항공
6,"'나홀로 흑자' 대한항공, 화물사업 내년에도 통할까?",대한항공
7,백신 낭보에 날아오른 여행·항공株,대한항공
8,"항공·여행·호텔주, 화이자 백신 기대감에 급등",대한항공
9,"'화이자 백신'이 뒤흔든 증시…카카오 지고, 대한항공 뜨나",대한항공
10,"감 잡은 프로배구 대한항공, 한전 꺾고 2연승…3위 유지(종합)",대한항공
11,"프로배구 대한항공, 한전 꺾고 2연승",대한항공
12,대한항공은 겨우 피했지만…항공업계 적자터널 끝이 안보인다,대한항공
13,"'화이자 효과' 콘택트株의 귀환…""항공·카지노·여행주 내년 본격 상승""",대한항공
14,"대한항공, 3분기 영업이익 76억원…작년 대비 94% 감소",대한항공
15,"'화이자 백신'이 뒤흔든 증시…카카오 지고, 대한항공 뜨나",대한항공
16,“하늘길 다시 열리나” 화이자 백신 소식에 여행·항공株 급등,대한항공
17,'화이자 백신' 수혜기업 어디?…녹십자·용마로지스·대한항공 웃는다,대한항공
18,"[특징주] 화이자 백신 소식에 항공주 상승, 대한항공 13%↑",대한항공
19,승리 거두는 대한항공,대한항공
20,승리 거두는 대한항공,대한항공
21,득점 환호하는 대한항공,대한항공
22,득점 환호하는 대한항공,대한항공
23,"대한항공 선두 추격 고삐, 한국전력 개막 6연패 수렁",대한항공
24,[마켓뷰] 백신 훈풍에 돌아온 동학개미… 항공·여행 웃었다,대한항공
25,항공 MRO '인천 민수ㆍ사천 군수' 상생이 합리적 방안,대한항공
26,공사수주 돕고 3억원대 ‘떡값’ 챙긴 대한항공 직원들,대한항공
27,"[사진]대한항공,'3세트도 역전이야'",대한항공
28,"국제선 재개 나선 항공업계, 숨통 트이나",대한항공
29,공격 시도하는 대한항공 정지석,대한항공
30,공격 시도하는 대한항공 정지석,대한항공
31,대한항공 벽에 막히는 러셀의 공격,대한항공
32,"“대한항공, 화물 운임 폭등 가능…내년 영업익 8559억 전망”",대한항공
33,화이자 백신 소식에 항공·레저주↑ 진단키트주↓,대한항공
34,"대한항공, 美 LA윌셔호텔 지분 매각 협의 중단",대한항공
35,사업 편의 대가로 뒷돈 받은 대한항공 전·현직 직원 집행유예,대한항공
36,"산틸리 대한항공 감독 ""시즌 초반보다는 팀플레이 좋아져""",대한항공
37,"대한항공, 최악 위기 속 2분기 연속 흑자",대한항공
38,코로나發 항공업계 격랑 속 대한항공은 ‘또’ 흑자,대한항공
39,되살아난 '팬데믹 루저' 여행·항공주,대한항공
40,대한항공도 간신히 흑자 낸 3분기…LCC '먹구름' 여전할 듯,대한항공
41,"[포토] 대한항공 점보스, 셧다운 승리의 기쁨!",대한항공
42,바닷길·하늘길 북새통…해운·항공 '미소' 수출기업 '눈물',대한항공
43,"[더벨]'나홀로 흑자' 대한항공, HIC로 빛바랬다",대한항공
44,"[포토] 대한항공, 홈 관중 응원으로...더 높게~!",대한항공
45,대한항공·아시아나 `백신 화물수송` 기대 고조,대한항공
46,[생생확대경]아시아나항공 균등감자 문제일까,대한항공
47,"대한항공, 3-0 셧아웃 승리…’6연패’ 한국전력, 1R 전패 수모 [인천 리뷰]",대한항공
48,움츠렸던 ‘항공ㆍ여행ㆍ정유주’ 허리 편다,대한항공
49,[직장 돋보기 분석 : 대한항공] 평균연봉 8083만원 / 조원태 회장의 ‘나홀로...,대한항공
50,"[포토] 대한항공 산틸리 감독, 방심하면 안돼...",대한항공
51,"티웨이항공 대한항공 주가 초반 뛰어, 코로나19 백신 개발 기대 커져",대한항공
52,"[인천 리뷰]대한항공,한국전력에 3대0 완승. 코보컵 결승전 패배 설욕. 한국전...",대한항공
53,[공시줍줍]아시아나항공 자본잠식 탈출기(feat. 누에),대한항공
54,"대한항공, 美 자회사 '한진인터 담보대출' 보증 선다",대한항공
55,"[인천 승장]대한항공 산틸리 감독 ""마침내 비예나가 돌아왔다.""",대한항공
56,"대한항공, 한국전력 6연패로 몰아넣고 '2연승' 질주",대한항공
57,화이자 코로나 백신 90% 예방 소식…항공·조선 민감주 급등,대한항공
58,"프로배구 대한항공, 한국전력 3-0 완파 '2연승' 질주",대한항공
59,"항공업계 3분기 실적 희비…대한항공 선방, LCC는 ‘한숨’",대한항공
60,[특징주] '대한항공-신성이엔지-소록스' 투자자 검색 ↑,대한항공
61,"<조선ㆍ항공업계 연말 실적 개선 안간힘>국내선 운항 확대,中·日노선 재개…...",대한항공
62,[더벨]한진칼 주가 '꿈틀'…대한항공 실적 발표 앞당겼나,대한항공
63,"[포털 검색 상위 종목] 백신 개발 가능성에 대한항공 상승, 삼성전자 하락",대한항공
64,대한항공 두 분기 연속흑자지만 1년전 대비 영업이익 94%↓,대한항공
65,‘고용 유지 최우선’에도 또 흑자 낸 대한항공의 비법,대한항공
66,'화이자 코로나19 백신 발표' 컨텍트 기대감↑…항공주·여행주 강세,대한항공
67,HMM·대한항공 웃게 한 역대최고 해상운임···조선사 수혜도 기대,대한항공
68,"[사진]대한항공,'1세트 역전으로 따냈어'",대한항공
69,"[포토] 대한항공 점보스, 1세트 기선제압!",대한항공
70,"'깨어난' 비예나, 25점 폭발…대한항공, 현대캐피탈에 역전승",대한항공
71,[특징주]코로나19 백신 기대감에 항공주 날았다,대한항공
72,"[포토] 대한항공, 홈 관중 응원 속에...날아보자!",대한항공
73,코로나19 백신 소식에 항공주 날개…대한항공 12%↑,대한항공
74,"[포토] 대한항공 산틸리 감독, 판정을 이해할 수가...",대한항공
75,"대한항공, 항공교통서비스평가서 '최고' 등급",대한항공
76,"항공·여행주, 화이자 백신개발 기대감에 급등···추세 상승 가능할까",대한항공
77,"화물운임 사상 최고, 해상·항공 `호황`…수출기업 `울상`",대한항공
78,화이자 백신 소식에 항공·레저주↑ 비대면주↓(종합2보),대한항공
79,"[CEO 보수列傳] 아시아나항공 경영난, 오너일가 책임 경영은 어디서?",대한항공
80,대한항공만 살아남나…줄줄이 '화물' 확대에도 엇갈린 3Q 항공실적,대한항공
81,"항공업계 코로나19 위험에도 중국, 일본 노선 잇따라 재개",대한항공
82,아시아나 정상화 내달 발표…항공업계 구조조정 '시동',대한항공
83,"대한항공 정지석 ""리시브 더 좋아져야 한다""",대한항공
84,"대한항공 비예나 ""서브의 아쉬움…몸 상태 끌어올려야""",대한항공
85,대한항공의 환호,대한항공
86,"[포토] 대한항공 정지석, 으랏차차!",대한항공
87,"하이투자증권 ""대한항공, 4분기 화물 운임 반등 기대""",대한항공
88,환호하는 대한항공,대한항공
89,"[포토] 대한항공 비예나, 들어갔어!",대한항공
90,"[포토] 대한항공 곽승석, 걸린...건가?",대한항공
91,"[투자의窓] 화이자 코로나19 백신개발 소식에 줌 시가총액 27조 증발, 대한항...",대한항공
92,3분기도 대한항공만 흑자…화물 아니면 웃을 일 없는 항공업계,대한항공
93,“코로나 백신 드디어?”…항공·여행株↑,대한항공
94,대한항공 3분기도 76억 흑자 선방…SKT·LGU+는 호조,대한항공
95,[단독]대한항공도 '목적지 없는 비행' 동참…승무원 체험 비행 실시,대한항공
96,"대한항공, '항공교통서비스평가' 전 항목 최고등급",대한항공
97,"대한항공 비예나 23점, 박철우-러셀 쌍포 제쳐 한국전력 6연패",대한항공
98,[속보] 여행·항공株 '고공행진'…화이자 백신 기대감,대한항공
99,"""이제 JAL이 KAL에 배워야""…대한항공, 코로나19의 역설",대한항공
100,대한항공·아시아나 `백신 화물수송` 기대 고조,대한항공
101,[생생확대경]아시아나항공 균등감자 문제일까,대한항공
102,"대한항공, 3-0 셧아웃 승리…’6연패’ 한국전력, 1R 전패 수모 [인천 리뷰]",대한항공
103,"대한항공, 3Q 영업익 76억…전년대비 94% 감소",대한항공
104,움츠렸던 ‘항공ㆍ여행ㆍ정유주’ 허리 편다,대한항공
105,"스페인 폭격기 비예나 23득점, 대한항공 2연승 질주",대한항공
106,"화물로 버틴 대한항공, 2분기 연속 흑자",대한항공
107,[직장 돋보기 분석 : 대한항공] 평균연봉 8083만원 / 조원태 회장의 ‘나홀로...,대한항공
108,"[포토] 대한항공 산틸리 감독, 방심하면 안돼...",대한항공
109,"티웨이항공 대한항공 주가 초반 뛰어, 코로나19 백신 개발 기대 커져",대한항공
110,"대한항공, 3분기 '나홀로' 흑자비행…화물 매출 1조원 돌파",대한항공
111,"[포토] 대한항공 산틸리 감독, 방심하면 안돼...",대한항공
112,"티웨이항공 대한항공 주가 초반 뛰어, 코로나19 백신 개발 기대 커져",대한항공
113,항공업계 화물 기대감 고조…운임·수요·공급 3박자 '척척',대한항공
114,"'백신' 희망에…항공·여행·레저주 급등, 언택트 산업은 울상",대한항공
115,"[인천 리뷰]대한항공,한국전력에 3대0 완승. 코보컵 결승전 패배 설욕. 한국전...",대한항공
116,[공시줍줍]아시아나항공 자본잠식 탈출기(feat. 누에),대한항공
117,"대한항공, 美 자회사 '한진인터 담보대출' 보증 선다",대한항공
118,"글로벌 항공사들 '휘청'…대한항공은 흑자 ""수송 본연 경영판단 통했다""",대한항공
119,"[인천 승장]대한항공 산틸리 감독 ""마침내 비예나가 돌아왔다.""",대한항공
120,"""이번에도 화물이 살렸다""…대한항공, 코로나 위기 속 2분기 연속 흑자(상보)",대한항공
121,"대한항공, 美 자회사 '한진인터 담보대출' 보증 선다",대한항공
122,"글로벌 항공사들 '휘청'…대한항공은 흑자 ""수송 본연 경영판단 통했다""",대한항공
123,"[인천 승장]대한항공 산틸리 감독 ""마침내 비예나가 돌아왔다.""",대한항공
124,"‘항공업계 생명 줄’ 화물운송, 대형항공사 ‘독식’",대한항공
125,"[포토] 대한항공 산틸리 감독, 옐로우 카드라구요?",대한항공
126,"대한항공, 한국전력 6연패로 몰아넣고 '2연승' 질주",대한항공
127,화이자 코로나 백신 90% 예방 소식…항공·조선 민감주 급등,대한항공
128,"프로배구 대한항공, 한국전력 3-0 완파 '2연승' 질주",대한항공
129,대한항공의 이유 있는 순항…코로나19에도 두분기 연속 흑자,대한항공
130,화이자 코로나 백신 90% 예방 소식…항공·조선 민감주 급등,대한항공
131,"대한항공, 3분기 영업익 76억원···전년 比 94%↓",대한항공
132,"프로배구 대한항공, 한국전력 3-0 완파 '2연승' 질주",대한항공
133,대한항공의 이유 있는 순항…코로나19에도 두분기 연속 흑자,대한항공
134,"항공업계 3분기 실적 희비…대한항공 선방, LCC는 ‘한숨’",대한항공
135,"""대한항공, 화이자 코로나 백신 수송 개시되면 최대 수혜""",대한항공
136,"코로나 백신 소식에 항공업계 기대감 '고조'…""화물 운송 준비""",대한항공
137,[특징주] '대한항공-신성이엔지-소록스' 투자자 검색 ↑,대한항공
138,"<조선ㆍ항공업계 연말 실적 개선 안간힘>국내선 운항 확대,中·日노선 재개…...",대한항공
139,[더벨]한진칼 주가 '꿈틀'…대한항공 실적 발표 앞당겼나,대한항공
140,"<조선ㆍ항공업계 연말 실적 개선 안간힘>국내선 운항 확대,中·日노선 재개…...",대한항공
141,[더벨]한진칼 주가 '꿈틀'…대한항공 실적 발표 앞당겼나,대한항공
142,"대한항공, 3분기 영업이익 76억원…""2분기 연속 흑자""",대한항공
143,대한항공 3분기도 화물로 흑자 지켜냈다,대한항공
144,"[포털 검색 상위 종목] 백신 개발 가능성에 대한항공 상승, 삼성전자 하락",대한항공
145,대한항공 두 분기 연속흑자지만 1년전 대비 영업이익 94%↓,대한항공
146,‘고용 유지 최우선’에도 또 흑자 낸 대한항공의 비법,대한항공
147,'화이자 코로나19 백신 발표' 컨텍트 기대감↑…항공주·여행주 강세,대한항공
148,HMM·대한항공 웃게 한 역대최고 해상운임···조선사 수혜도 기대,대한항공
149,"'화물 호조' 대한항공, 3분기 영업익 76억… 흑자 지속",대한항공
150,'화이자 코로나19 백신 발표' 컨텍트 기대감↑…항공주·여행주 강세,대한항공
151,HMM·대한항공 웃게 한 역대최고 해상운임···조선사 수혜도 기대,대한항공
152,"'화물 호조' 대한항공, 3분기 영업익 76억… 흑자 지속",대한항공
153,"[사진]대한항공,'1세트 역전으로 따냈어'",대한항공
154,"[포토] 대한항공 점보스, 1세트 기선제압!",대한항공
155,"'깨어난' 비예나, 25점 폭발…대한항공, 현대캐피탈에 역전승",대한항공
156,화물로 버틴 대한항공…LA 호텔서?'구멍',대한항공
157,"대한항공, 3분기 잠정 영업익 76억원…전년比 94%↓",대한항공
158,[특징주]코로나19 백신 기대감에 항공주 날았다,대한항공
159,"[포토] 대한항공, 홈 관중 응원 속에...날아보자!",대한항공
160,[종목이슈] '화물' 태워 흑자 낸 대한항공...4Q도 '맑음',대한항공
161,"대한항공, 3분기도 흑자 달성…승객 대신 화물 나르며 보릿고개 버텨(종합)",대한항공
162,위기에 빛난 대한항공 “3분기에도 흑자”,대한항공
163,"[포토] 대한항공, 홈 관중 응원 속에...날아보자!",대한항공
164,"""공사 수주 돕겠다"" 떡값 받은 대한항공 직원들 집행유예",대한항공
165,대한항공 2분기 연속 흑자,대한항공
166,"대한항공, 한전 꺾고 2연승…'비예나' 팀 최다 19득점",대한항공
167,[특징주] 화이자 백신 효과 소식에 항공·여행株 10% 이상 급등,대한항공
168,코로나19 백신 소식에 항공주 날개…대한항공 12%↑,대한항공
169,"[포토] 대한항공 산틸리 감독, 판정을 이해할 수가...",대한항공
170,"""땡큐, 화물"" 대한항공, 2분기 연속 흑자 달성",대한항공
171,[특징주] 화이자 백신 효과 소식에 항공·여행株 10% 이상 급등,대한항공
172,코로나19 백신 소식에 항공주 날개…대한항공 12%↑,대한항공
173,"[포토] 대한항공 산틸리 감독, 판정을 이해할 수가...",대한항공
174,공사 수주 관련 떡값 받은 대한항공 직원들 1심 유죄,대한항공
175,"[포토] 대한항공, 더 많은 홈 관중의 응원을 위해!",대한항공
176,"대한항공, 항공교통서비스평가서 '최고' 등급",대한항공
177,"항공·여행주, 화이자 백신개발 기대감에 급등···추세 상승 가능할까",대한항공
178,"대한항공, 3분기 영업익 76억원…전년비 94%↓",대한항공
179,"'비예나 25점' 대한항공, 현대캐피탈 꺾고 3위 도약",대한항공
180,"대한항공, 항공교통서비스평가서 '최고' 등급",대한항공
181,"항공·여행주, 화이자 백신개발 기대감에 급등···추세 상승 가능할까",대한항공
182,"대한항공, 3분기 영업익 76억원…전년비 94%↓",대한항공
183,"'비예나 25점' 대한항공, 현대캐피탈 꺾고 3위 도약",대한항공
184,"[포토] 대한항공 산틸리 감독, 아니...그러니까...제 말은...",대한항공
185,비용 줄여 겨우 흑자낸 대한항공…항공업계 실적 불안감 증폭,대한항공
186,"대한항공, 한국전력에 3-0 승…KOVO컵 결승전 패배 설욕",대한항공
187,[특징주] 화이자 코로나 백신 소식에 항공·여행주 급등,대한항공
188,"항공사, 다음주 줄줄이 3분기 실적 발표 ""코로나19 먹구름 여전""",대한항공
189,"항공업계, 3분기 실적 ‘먹구름’ 전망",대한항공
